id,name,model_id:id,group_id:id,perm_read,perm_write,perm_create,perm_unlink
access_stock_landed_cost_security,stock.landed.cost,stock_landed_costs.model_stock_landed_cost,stock_landed_costs_security.group_stock_landed_costs_security_user,1,1,1,1
access_stock_landed_cost_lines_security,stock.landed.cost.lines,stock_landed_costs.model_stock_landed_cost_lines,stock_landed_costs_security.group_stock_landed_costs_security_user,1,1,1,1
access_stock_valuation_adjustment_lines_security,stock.valuation.adjustment.lines,stock_landed_costs.model_stock_valuation_adjustment_lines,stock_landed_costs_security.group_stock_landed_costs_security_user,1,1,1,1
access_account_journal_landed_cost_security,account.journal,account.model_account_journal,stock_landed_costs_security.group_stock_landed_costs_security_user,1,0,0,0
access_account_move_landed_cost_security,account_move,account.model_account_move,stock_landed_costs_security.group_stock_landed_costs_security_user,1,0,0,0
access_stock_valuation_layer,access_stock_valuation_layer,stock_account.model_stock_valuation_layer,stock_landed_costs_security.group_stock_landed_costs_security_user,1,1,1,0
